<paquet
	prefix="escal"
	categorie="squelette"
	version="4.3.52"
	schema="1.0.13"
	etat="stable"
	compatibilite="[3.2.0;3.2.*]"
	logo="images/escal32.png"
	documentation="https://contrib.spip.net/Escal-4077"
	demonstration="http://escal.ac-lyon.fr/"
>

	<nom>Escal</nom>

	<auteur>Jean-Christophe Villeneuve</auteur>
	
	<licence lien="http://www.gnu.org/licenses/gpl-3.0.html">GNU/GPL</licence>

	<traduire module="escal" reference="fr" gestionnaire="salvatore" />

	<utilise nom="palette" />
	<utilise nom="spip_400" />
	<utilise nom="orr" />
	<utilise nom="Shoutbox" />
	<utilise nom="reservation_evenement" />
	<utilise nom="reservations_multiples" />


	<necessite nom="agenda" compatibilite="[3.18.6;[" />
	<necessite nom="svpstats" compatibilite="[0.2.2;[" />

	<menu nom="escal" titre="escal:escal" parent="menu_squelette" icone="images/escal16.png" action="configurer_escal" />

	<pipeline nom="autoriser" inclure="inc/escal_autoriser.php" />
	<pipeline nom="porte_plume_barre_pre_charger" inclure="inc/escal_pipelines.php" />
	<pipeline nom="porte_plume_lien_classe_vers_icone" inclure="inc/escal_pipelines.php" />
	<pipeline nom="ieconfig_metas" inclure="inc/escal_pipelines.php" />

</paquet>
