<paquet
	prefix="yaml"
	categorie="outil"
	version="1.5.4"
	etat="stable"
	compatibilite="[2.0.10;3.2.*]"
	logo="yaml.png"
	documentation="https://contrib.spip.net/Le-plugin-YAML"
>

	<nom>YAML</nom>
	<!-- Un format de fichier simple pour éditer des listes de données -->

	<credit lien="http://yaml.org/">yaml.org</credit>
	<credit lien="http://code.google.com/p/spyc/">Spyc</credit>
	<credit lien="http://components.symfony-project.org/yaml/">Symfony YAML - Fabien Potencier</credit>

	<licence lien="http://opensource.org/licenses/mit-license.php">MIT</licence>
</paquet>
